Inst√¢ncia,Modelo Exato,Greedy,Greedy2,Relax and Fix,GRASP,GA (benchmark)
1,15,9,5.58,15,15,15.00
2,2,2,2,2,2,2.00
3,12,7,3.66,12,12,12.00
4,3.5,3.5,2.11,3.5,3.5,3.50
5,false,13.22,41.86,false,false,43.51
6,false,6.37,32.71,false,false,34.14
7,false,10.97,28.71,false,false,32.88
8,false,13.17,28.4,false,false,34.63
9,4.42,3.53,2.11,4.19,4.17,4.42
10,false,2.94,6.4,false,false,12.38
11,false,3.26,7.51,false,false,12.29
12,11.25,7.2,2.48,11.25,11.25,11.25
13,false,false,12.8,false,false,15.48
14,false,false,20.8,false,false,24.26
15,false,3.1,10.92,false,false,15.59
16,85,9.66,10.39,11.25,12.04,29.83
17,36.5,4.07,4.49,6.73,6.21,32.00
18,117.2,8.42,15.86,false,false,23.63
19,202,4.61,10.52,false,false,24.98
20,5,5.0,4,5,5,5.00
